-5.843307513865592280e-03,-5.626111157775867122e-01,5.852367080130458366e-01,1.941260530583496235e+00,-3.906473000594383183e-01,6.450105121497667904e-01,8.495519066698856703e-01,2.161546581849803361e-01,1.828082404842408248e-01,1.782229023534464885e+00,5.693870122193009919e-01,-5.874308276087035485e-02,2.763958684373101216e-01,5.657576305287481677e-01,3.316320863814531950e-01,8.746835321510524341e-01,2.892429088195308529e-01,1.414113908204866821e+00,5.694787571547786920e-01,-6.851568274732916519e-01
1.053476121118704256e+00,9.687685562453008936e-01,1.482483542802043586e-01,9.349707461552558829e-01,1.214511451698692790e+00,2.100715363318790274e-01,1.679349594598563700e-01,-4.258869812194091553e-01,-5.246648246271400362e-01,-6.583849919027917608e-01,-5.139641026947271429e-01,5.013493055243917196e-02,1.395905914763324152e+00,2.932375634276726539e-01,-4.910494975169165111e-01,3.927589806805160261e-02,1.428452403111969637e+00,3.875978276220005125e-01,1.155683031873239841e+00,1.517738111180441773e+00
4.542364784362618729e-02,5.103841600272854828e-01,6.707968355506560565e-01,-2.978706022494185812e-01,-4.042504326681524707e-01,8.533959233588624127e-02,4.169879557693321193e-01,5.743833340284323352e-01,-2.800683725783106523e-02,-1.290919254995127385e+00,1.184362631705074831e+00,6.990076003576505270e-01,9.316249823198170521e-01,-7.913105934515721196e-02,1.712992921947479985e+00,1.125304197614760415e+00,1.148616780848344399e-01,9.449912021428669151e-01,4.890185666571739143e-02,9.512835175037380742e-01
9.232767936279475673e-01,1.411812881158028554e-01,-2.934832335186612351e-01,2.347681856472077222e-01,1.417358434025465519e-01,2.202231057602579867e+00,1.308748235301332663e+00,8.149253348968810151e-01,1.686035983928219295e+00,-4.248061935416080348e-01,1.243776461547024592e+00,1.400465858364142058e+00,-1.557555552383755315e-01,4.155896431984325012e-01,1.772028717164672029e+00,1.672439053853100210e+00,3.503644532632410602e-02,7.883007870831568731e-01,1.004035384141466869e+00,-5.434536781343556333e-01
4.039522664452991352e-01,1.086050741245088380e+00,1.225652002237510585e+00,-8.707801713135427946e-01,-2.959477761041566790e-01,4.573008271378894429e-01,1.275514002593832963e+00,-5.101471781927129356e-01,6.922093623167868692e-01,2.316674633149255480e-01,1.021076745106293648e+00,3.909449656611262425e-01,3.736531613434671550e-01,4.303143469369657415e-01,1.004002374846841850e+00,1.372147456418449929e+00,-7.069683404315554309e-01,5.594801537236772093e-01,-1.176610985464424386e-01,1.663726843373677822e+00
1.158367810681427024e+00,-6.083045355049568337e-04,9.700111747036130327e-02,1.492737503191144677e-01,6.500203675034410544e-01,1.065655319145723867e+00,3.083413427666329421e-01,1.401537541217885874e+00,1.616164459459814351e+00,2.788310283439584536e-01,1.238199052613261797e+00,9.668479515352829123e-01,-6.067098152660052035e-01,1.321385246806272340e+00,-4.019623084852930184e-02,4.499414654969673411e-01,8.894926667057330150e-01,8.918254695111335062e-01,1.506577493152980729e+00,-2.682705515109813366e-01
3.503535775765325155e-01,1.497348578960843168e-01,1.559123772129488827e+00,6.516113429952037350e-01,4.422136701667948588e-01,2.338023750808998491e-01,1.292678592396520720e+00,8.110889493979491771e-01,8.724708828576464015e-01,1.393904196799856887e+00,4.254364610659273627e-01,-1.399206368524231470e-01,3.856123395211574767e-01,4.629194883175937747e-01,-1.663292420367475932e-01,1.064486884859611182e+00,-2.592514712126376963e-01,5.624415546161809498e-02,2.834585580122930271e-01,4.494639357724339868e-01
1.271937560524578403e+00,1.623824846416699552e+00,4.095568131214557539e-01,-1.202997650357700010e-01,1.711528951656128505e+00,1.804376727560906613e+00,3.071179772364774907e-01,3.354667485410944838e-01,2.692032274892238938e-02,-8.093810987726175743e-02,-2.619112438246137264e-01,-1.651330221465855397e-01,4.898255042601509235e-01,-8.408017332541341260e-02,-2.184546916726730625e-01,-1.556141399266167402e-01,1.551062623291108444e+00,3.689391395984856215e-01,3.970971898984557713e-01,4.503469631381581406e-01
9.504534221105687131e-02,1.716321089302165426e+00,8.379113835111823283e-01,5.830019969559860002e-03,2.882594192763969776e-01,1.138312396080368577e-01,7.626725488799898089e-01,4.938620209426631755e-03,-3.175260400543029882e-02,-1.842149715554508571e-01,5.524244014784589485e-01,-1.035452752799383314e+00,5.618675175667342536e-01,1.470782737340701196e-01,7.199985657904126590e-01,5.300993249980184840e-01,-7.293857766972525747e-01,7.986891814974574899e-01,4.803458856565721580e-01,9.984601353863253870e-01
-4.167793870253504451e-01,-2.245903087505324650e-02,-1.256378115672129869e-01,6.847329077760964111e-01,1.547809991292806164e-01,4.522369324687730563e-01,1.254285632233043568e+00,3.607781635726311498e-01,1.050921205652187718e+00,1.671049923761570577e+00,3.216488340614487296e-01,-4.381088484464490951e-01,-9.309187437988336589e-01,3.633481162014408627e-01,-9.245428803615414470e-02,8.510841071643002742e-01,-3.540884278998576717e-01,4.284960718776030797e-01,-1.728258431157263797e-01,-4.205817337683485646e-01
-6.540641433134619653e-01,-3.449534526701197312e-01,9.575006767519055328e-01,8.405873691594324404e-01,4.677065809154719034e-01,5.929746066138636973e-01,1.390976853204035413e+00,-1.867532402090675836e-01,1.199560818315855482e+00,8.657499611834618136e-01,-9.279806645296002909e-02,6.022436216994937475e-01,7.456103379720389890e-02,-5.676696466853367040e-01,5.138200514844203370e-01,9.657091568130304893e-01,-3.592134435499793610e-01,1.645792332008257919e+00,-5.464217965209495764e-01,5.380441342748690792e-01
2.510812286198372267e-01,2.924699549303282908e-01,7.880112166123494077e-01,3.432249036516457075e-01,7.144221577595670780e-01,4.912365299105568850e-01,9.851929212419240356e-01,-4.690701553998394835e-01,1.019641327396310082e+00,8.877335154800259920e-01,-6.117821938928333925e-01,1.090506547027728923e-01,-7.306130641926222857e-02,-8.454941538476313800e-01,2.084925341037279500e-01,2.111486251391418989e-01,9.970487429313903416e-01,9.181841687532417140e-01,-6.517213760195053052e-01,-3.561355693305371384e-01
1.508803855992435938e+00,6.700481386173097187e-01,1.621260970200557594e-01,-5.714818290685519386e-01,-2.762593821819242512e-01,1.421889590941411985e+00,-2.012248804152370341e-01,8.916929790229127795e-01,1.104824413164478880e+00,1.032150334973085462e-02,1.085086020172335131e+00,9.188291818413730772e-01,2.000154461885912671e-01,8.597350202609397307e-01,-9.908731856164143537e-02,1.151612594231510078e+00,9.649163722243853103e-01,1.353024606132813279e+00,3.295841704487496582e-01,2.080742777621235884e-01
1.371614711840041467e+00,1.507926438183492035e+00,4.047440025972918742e-01,-1.018215946395143595e-02,5.397620990361224891e-01,7.199430113826266187e-01,8.723044463608299326e-01,-1.615743147904040999e-01,4.579538245404723984e-01,6.439749967715182599e-01,-1.341288355899629137e+00,2.236984124169482946e-01,9.617514175602610571e-01,8.075711807400367537e-01,4.158951614056197177e-02,6.350250655920967879e-02,6.815895686027542144e-01,1.759117108720062439e-01,4.039780682264013656e-01,2.527901272132478949e-01
1.990090312935171024e-01,1.280412224637246021e+00,-2.582853033627276473e-01,6.100075744160827762e-01,1.666121357649451795e+00,7.120618313960276335e-01,1.556402017258149639e+00,-2.004047520642843194e-01,-5.460835492847542980e-03,1.789576963316802105e-01,6.696125049125840611e-01,8.214313162890818018e-03,5.022999764291833369e-01,-3.625191930648876681e-01,6.776995188141176074e-01,-1.832373647374032632e-01,1.615379617594316475e+00,9.557724760818082921e-02,1.414869523127152418e+00,1.404363888158411067e+00
6.408438577742476827e-01,-1.006849022700885055e+00,2.954020271708574508e-01,-5.442343795144761742e-01,-4.610336655004524942e-01,1.412073132794562369e+00,7.707178070410874993e-01,8.196358842648456822e-01,5.417150922810377578e-01,-3.202010385688603966e-01,9.721966560941112112e-01,1.656839221879278012e+00,-5.169364237469956658e-01,7.860048934311563151e-01,1.224282947280081579e+00,8.491071582079368074e-01,2.599370877279899794e+00,1.263953737107608610e+00,8.075264879887369407e-01,3.043376538518542396e-01
1.212061030541523365e+00,2.738921382847708808e-01,1.207476465772330254e-01,3.277798327304780046e-01,1.023041975697724926e+00,8.381087687681010312e-01,8.061322635546470661e-01,7.097065660799586340e-01,-2.556007460248931884e-01,4.959285491355634040e-02,9.235019679331972486e-02,2.262053200351540616e-01,1.233780847121935365e+00,-1.352413817398635087e+00,-7.359604930821904700e-01,-1.079759736996020320e-01,1.022133291281579037e+00,1.028677539865925583e+00,2.693413039217691374e-01,8.182441041999132247e-01
-3.419234304508120270e-01,-2.563099143132336333e-01,1.228002130697115168e+00,1.444160884830155034e+00,-2.606341804836974085e-01,6.167251686498753660e-02,-2.425001065670338019e-01,-2.727962306413071469e-01,1.551295598760426664e+00,1.215512868812824943e+00,-7.377799074093340792e-01,-1.007674301823501539e-01,-1.820058515711674985e-01,-6.091640485192048038e-01,-1.069881089900988902e-01,1.874879913295107059e+00,-6.896019130764738936e-01,1.658873789025666401e+00,1.919343123226370518e-01,-1.218075258460898508e-01
1.826679287453615297e-01,-3.222607529266316995e-01,1.366671109987616539e+00,1.336231564513238990e+00,-1.853986846926769239e-01,1.194804100594974328e+00,-6.851858966023094411e-02,-7.527814574152749127e-01,9.440716349030799925e-01,4.315543209066970975e-01,1.005589890367738007e-02,1.629565427801285271e-01,3.761559498687688796e-01,5.488396806552775509e-02,-2.934196944331855517e-01,5.453474762639847206e-01,-9.189511247099831914e-01,2.251422013662099708e+00,-4.928254996129595722e-01,1.188455459391862951e-01
7.612409748321429248e-01,5.861458060094079103e-01,2.165601610391716669e-01,1.220437193322117198e+00,7.341144363109731730e-01,1.392885882395059616e+00,9.382247377206313077e-01,7.712728284257813760e-01,-7.083283520428752533e-01,4.011078693169522480e-01,-1.313770444258840042e+00,-1.980812056688280864e-01,7.793308509810692453e-01,8.609620568896972359e-02,-3.306114270203864836e-01,5.557593685565039854e-01,1.468755069318455231e+00,-2.930793471168555153e-01,1.618753160761388532e+00,1.033698432532521139e+00
1.526848294611040657e+00,6.062442264860121721e-01,1.751389591134844825e-01,-7.828690846610092402e-01,1.259383982030203963e+00,1.060639305077610839e+00,2.114012067667699668e+00,3.562556770598254707e-01,6.578217494942611987e-01,9.945372704146918652e-01,-3.296350120086102842e-01,2.959969504864020662e-01,1.310735369215412005e+00,-5.327880088298974082e-01,-6.530289353533293983e-01,-9.174331156948152544e-02,1.293526522581019300e+00,1.044142155340227612e-01,1.107473019054744379e+00,7.634823168135105309e-01
4.800220706345428301e-01,1.129765388860463293e+00,4.243890673707628736e-01,4.286346361533556193e-01,-5.438289773781244257e-02,6.336782882809214312e-01,1.053394011180130541e+00,-7.648173841657934791e-01,-1.256825081006046618e+00,3.909026899253082998e-01,5.509576046421283957e-01,1.010500843880534211e-01,7.792408499741145800e-01,-6.316401260023658537e-01,6.523431696736025076e-01,4.801380657589868761e-01,6.282705617615842453e-01,-3.036435087567035396e-02,3.193073506171418829e-01,8.479016229998279641e-01
6.671366310259467802e-01,-8.336629381117093007e-02,1.907941037980611654e+00,1.021901629887417950e+00,1.246571726264009833e-01,1.540783201879886155e+00,1.177360502849759571e+00,5.733543358118179389e-01,2.071885339543601212e+00,1.126544244356235902e+00,-3.302305650426470285e-01,8.643595097575150488e-02,-1.837370840024487861e-01,1.032797647078057102e+00,-2.916864014256553284e-01,1.521122408877949805e+00,2.648180410859081180e-01,9.402094541794454585e-01,-1.714369158161443696e-01,-6.612742098400652413e-01
2.462742945998291355e-01,5.716590368550089618e-02,7.055183345854288968e-01,1.505008913608089749e+00,3.417713972387311783e-01,5.890215923541270993e-01,1.005060942515559885e+00,-9.869388281075863745e-01,6.913632112227916515e-01,9.485448301984427122e-01,2.422121828545667765e-01,-7.774453549925827711e-02,-1.401121061803994594e-01,5.087767404926156756e-01,-1.675545117094275893e-01,1.125285978178435231e+00,3.254207866773330404e-01,1.123988931207061892e+00,2.681848370331322284e-01,-2.425874950406472445e-03
1.007754153361445137e+00,4.962014123199756654e-01,9.033810859716443487e-01,-8.576594352690217749e-01,3.905275153745468852e-01,1.516145418847818727e+00,-9.753850276580829093e-02,7.056290757369492184e-01,1.004106739037654572e+00,-1.543517673341146257e-01,1.189297698356005073e+00,1.726570457078439258e+00,-1.097038128619819836e-02,9.870888169097973286e-01,1.310688302394053872e+00,1.813823798019951639e+00,6.166968784002757609e-01,8.363302062681804427e-01,6.460937050839234974e-01,2.291566173124251482e-01
1.167438580327370801e+00,5.416556456088230664e-01,-6.929847877729858885e-01,4.287132487443556239e-01,5.425381674145410837e-01,1.109622928668497766e+00,1.375712156138851450e+00,9.453120354265029945e-01,-1.846366868698367802e-01,-4.479743711660194028e-01,-2.854780436509335995e-01,8.734495044311803014e-01,1.130511271224625469e+00,1.583931116908720849e-01,-1.413011889048566561e-01,1.771687393308840897e-01,1.673223661853405542e+00,7.449651387388098733e-01,1.351849127651408633e+00,4.120842054196373061e-01
1.494186943861028682e+00,2.006049393366390987e+00,3.725360856695201228e-01,3.474619503606661830e-01,1.132292371291109712e+00,7.731698177346848500e-01,1.031198113773157177e+00,3.058109206531889682e-02,4.839991426102825400e-01,-4.757326011224569662e-01,-6.014091291291280561e-02,3.841868824371635349e-01,1.411214430879678794e+00,8.256455346040346699e-01,-5.001084434825380232e-01,-1.200848846707534001e+00,1.213073315496336235e+00,2.824998342535619406e-02,9.742161047765629522e-01,1.374722234914973695e+00
2.146661216591987664e-01,1.149157360666355876e+00,1.914059678144380605e+00,-7.534102303750846996e-01,4.336576219022849066e-01,-3.057931916705251552e-01,1.419536788460463272e+00,-8.246444111808558519e-01,-8.261451449019021134e-03,7.426724661211334677e-01,7.480888632317053144e-01,-1.304979292212300468e-01,1.047337320320606890e+00,-3.865794995997405281e-01,9.906509879302968224e-01,9.300847358689227073e-01,5.324886528704972921e-01,5.729838883934150751e-01,3.201040483826207428e-01,3.296387250865339125e-01
1.105295360937269100e+00,1.158486222848655878e+00,2.484753349080162099e-01,3.052976109952824646e-01,1.672296714439936771e+00,9.552773615999908818e-01,9.684406407713901377e-01,-1.867102894359527199e-01,8.347255262076779259e-01,1.087322372074059462e+00,-1.068089961344133698e+00,-4.067831210245711482e-01,8.525707491397499505e-01,-8.698553136308896649e-02,2.635970421791253293e-01,2.574030747566551369e-01,1.295981679924349317e+00,-5.596100997306076019e-01,6.563596885595572861e-01,8.974147140520779553e-01
6.776286389416834588e-01,7.482257516824479815e-01,1.066141472807177637e+00,-5.193481602990392965e-01,-4.022012521208348512e-01,9.210593411080406634e-01,4.018048809941016097e-02,1.394516169518948523e+00,5.818770991090704836e-01,-6.447397540739950861e-01,8.215828660626924851e-01,1.452648345633915872e+00,3.149215172726697598e-01,9.081749193588858349e-01,-5.069240511574957253e-02,9.584772804113099731e-01,1.884003940738700589e+00,5.782075167815929895e-01,1.018357426882042338e+00,-8.015551636685219750e-02
5.305860355605831469e-01,4.947760696694003535e-01,9.939060039590674744e-01,8.467794152528151930e-01,-1.472305310126261757e-01,3.518254096022888633e-01,1.109491716977680564e+00,4.589634545066840210e-01,1.646580300581169942e-01,3.256980343649584775e-01,1.569324073172825296e-01,-2.488262491976220847e-01,9.552014971309177316e-01,2.643073412670282618e-01,1.007175057096475923e+00,1.732570956713407329e+00,-6.522784238001764212e-01,1.016097313749297903e+00,2.911939227147787301e-01,6.279583840037690212e-01
7.304609487658852984e-01,6.614658294021553697e-01,7.909008249639132293e-02,5.133888036011401423e-01,3.592827770266741050e-01,3.961635522537229059e-01,5.384778882507221809e-01,9.433141970293879019e-02,2.650379695637116173e-01,2.556479925177305157e-01,1.480226012622138376e-01,2.845335517365796818e-01,1.298266014088421683e+00,3.493449084339684402e-02,-3.041806074189333242e-01,9.119674538810193520e-02,1.105433566710805504e+00,1.706319963634170545e-01,1.092062440448713367e+00,2.922520689517834613e-01
1.504821488466099755e+00,-2.221695380224216754e-01,5.316916478061963769e-01,-6.596892152195652503e-01,-8.536129257656478453e-01,1.072279281794475070e+00,1.050454741692709165e-01,5.381739209063320928e-01,9.541266840914724989e-01,-8.052705388804433373e-02,6.252609058909686102e-02,9.154096133536683277e-01,-2.836111756725733235e-01,1.183008882067144496e+00,1.297063376595215534e+00,3.364492096964732948e-01,7.438346242740065950e-01,1.141901576508777438e+00,1.447930365609335635e-01,-4.874889727517434657e-01
1.234149960098969601e+00,4.419178374425350997e-01,-2.752262664684774207e-01,1.338422077558420464e-01,-1.522485614454277103e+00,4.543307610812715724e-01,9.052893011244634858e-01,1.097583236341098223e+00,6.568529629107437984e-01,2.683356507799337654e-01,1.566302259061221669e+00,5.003562656058946345e-02,4.073935994549701123e-01,1.472579635899393002e+00,8.139021081204849128e-01,1.073399104851917585e+00,1.128084665329111003e+00,1.190926437374016711e+00,1.938229677905225934e+00,3.437495710431222040e-01
7.601644988104068468e-02,-1.811086235823383406e-01,1.528528893324289761e+00,6.331016351844076517e-01,8.092284067410885351e-01,1.528528998169202513e+00,9.841104801251118195e-01,1.169080931637815901e-01,1.022702962064236276e+00,7.013765164092955473e-01,-2.810224807135879299e-01,2.134312521911262417e-01,1.205872031275619927e-01,2.207724912105988452e-02,-3.930003136749098958e-01,3.573701875201142908e-01,4.676660279172114576e-01,8.475441960735776714e-01,-4.326486864813227085e-01,-1.858449432366545973e-01
-5.316413013246119174e-02,9.550068503010095133e-01,5.758576636705595719e-01,2.360834973079259658e-01,4.229729495115093774e-01,1.453615448160718304e-01,1.651991136970117902e-01,1.026047472418252504e-01,4.831111172985406155e-01,-5.897993277500859777e-02,6.064923302949956074e-01,-1.423557486871715738e-01,9.103219762745631272e-01,1.168383816009920029e+00,1.175896294274346943e+00,1.160430076312535252e+00,4.714932374314129149e-01,1.967680630573466205e-01,-3.644824661326470094e-01,1.642587586552599843e+00
2.213644763886199740e-01,1.473182570551254400e-01,1.218833506224287655e+00,8.394962370174885447e-01,-7.800472029908022131e-01,1.316925313270753461e+00,5.530070713950525629e-01,-3.757271653040385462e-01,9.518717784038065455e-01,1.214214034606796000e+00,-5.294226294905487462e-01,1.097071949497431184e-02,3.711726526187403286e-01,-4.142571177571585661e-01,-3.170920777032487647e-02,1.746038128736356665e+00,1.968448636829252807e-01,1.324963569335417812e+00,-6.441572146670926369e-01,-7.901493759809292694e-01
-4.157438676132242383e-01,1.153255280780711489e+00,1.846996875460071408e+00,-2.387359339187049845e-01,5.730280176094854072e-01,1.435788603452987922e-01,9.726659539391162568e-01,-8.421664898156271395e-01,1.945138762879476332e-02,1.590378814546138941e-01,1.155305934882739027e+00,-7.898795908839613134e-01,1.691576143937534527e+00,1.909601454287765121e-01,3.458836882325334594e-01,9.511686435794602934e-01,-1.181032189050172931e+00,1.499654557809559696e+00,-3.060242850264115466e-01,1.267086055826243562e+00
6.807475050315654475e-01,4.890798641650144774e-01,9.152939681619610968e-02,-3.511779354269595199e-01,1.895900892245606928e-01,5.562277195805169772e-01,-6.828922436529949458e-01,-1.916860970389560048e-01,7.778030597197349572e-01,-1.474973350500942360e+00,1.505742831844853580e+00,6.666575528247611349e-01,-3.618922753255593983e-01,1.282484961127467349e+00,1.141952028801920704e+00,7.946651628691159264e-01,5.277188139968329583e-01,3.612845025521810305e-01,3.872015700164652685e-01,-5.877815976958908895e-01
-4.747932690922397336e-01,-2.759640067023261256e-01,3.250581630451601090e-01,1.319622236729634190e+00,1.656198965113370170e-01,1.020244282085772225e+00,1.278892359722089367e+00,-5.822568244490975431e-01,8.869949578421651992e-01,1.281065273425680440e+00,1.366282635049163125e-03,-5.390936185584800366e-01,4.307014166385368936e-01,9.045532971268609168e-02,-3.571914281821397807e-01,1.728219882901730120e+00,-5.190385692932224515e-01,3.925998263873080596e-01,-1.754768100626690475e-01,-6.069322557940766139e-01
-1.304504115308610102e+00,6.677582130165995444e-01,5.799784606125897302e-01,1.930150156728245969e+00,-6.579306447848272121e-01,1.651018764933477545e+00,3.818284483305919297e-01,-1.355803901213430097e-03,2.006142781027444144e+00,1.460895096719285746e+00,-2.677713730725602703e-01,-5.392932520730482349e-01,8.355228348753948042e-01,-1.278726500519075139e-02,-3.383986200506760023e-01,9.315728333165771424e-01,-1.766511240150946682e-01,8.880272098390096236e-01,2.089885491472281420e-01,-2.127432512083812510e-01
1.587347162735872064e-01,-1.695808548305886565e-01,8.938065670553585473e-02,1.402921639785914998e+00,-8.075891398051987524e-01,1.391348823692436731e+00,1.905133103990254817e+00,-3.444291000076384335e-01,9.146438216929250187e-01,5.443733712723677343e-01,1.320902957353791707e-01,4.043868772005684287e-01,-8.176515752451516406e-01,3.960427589869477405e-01,-9.396786427997119162e-01,1.353208610022997860e-01,5.145951712664571520e-01,5.909241657121393487e-01,-4.203676818851198593e-02,-2.320831720822700839e-01
3.435700516995434661e-01,-4.680481870955278123e-01,1.490160716648794459e+00,2.094935485958415722e-01,-5.785290441461697908e-01,1.492350358340897465e+00,1.573575503666313047e+00,1.069857782235429378e+00,1.206185515646660544e+00,1.752420549727621069e+00,3.399652562117895793e-01,-2.594574730513938277e-01,6.523084918666526288e-01,-2.285126459974710367e-01,2.023868236030251788e-01,6.884851225511676720e-01,-3.374054632897985351e-02,5.259242453169781228e-01,9.214604165503145206e-01,7.841633088633680193e-02
1.077260266953282697e+00,-1.363162458667439014e-01,-6.978644685311805596e-01,-4.586618010587253935e-01,-1.017773081000284519e+00,6.468564823944236153e-01,-3.244668733921383108e-01,8.621040522065708256e-01,8.012673772429274033e-01,-1.222609506948260510e-01,1.382127136574234028e+00,7.170520092359466968e-02,4.335529978273072182e-01,1.432097470422194263e+00,1.799362593275661837e-01,7.953456468075348340e-01,7.572367776027713049e-01,1.435569996431971473e+00,1.092476626629773628e+00,2.107566306268821021e-01
1.092693116641253459e+00,-3.967843621593838271e-02,-4.367659839442462055e-01,5.579462709574584817e-02,4.632952511120996125e-02,1.071517006069275357e+00,6.781427719575719437e-02,4.208140277556281506e-01,1.286730352026431490e+00,7.866566065819405873e-01,8.016246302825879022e-01,4.880378931283647637e-01,6.339415635110137170e-01,2.125577951466876225e+00,7.746688440047182489e-01,8.894123119288238621e-01,9.779813029752159048e-01,8.763629276235997967e-01,8.580492832852136820e-01,4.253564217678773018e-01
8.612902376140598726e-01,2.639181295651105152e-01,-3.324454395714958044e-01,1.614418435900715210e-01,-9.524321376490325619e-01,8.596426565429027278e-03,1.629408454750552260e-03,1.080818076943558026e+00,5.526754775771554051e-01,-1.425036870147204128e-02,1.606300496113021170e-01,9.279659073337891417e-01,2.144746865554078563e-01,1.230026757354137690e+00,1.430570485127497626e+00,4.624710451361294661e-01,3.244012249555172644e-03,1.085044966005680678e+00,1.901822249190613379e-01,-9.006762190352025632e-01
-5.331026248536780976e-01,4.083647426750828258e-01,1.216951353531334545e+00,3.513229774186535370e-02,-1.620468713137896699e-01,-2.348861887367557633e-01,1.033298058602141856e+00,2.536836094567448407e-01,5.669666689518350067e-01,6.558691834056168402e-01,1.399004131276320617e+00,9.176110483050006206e-01,1.537433802363645796e+00,-3.626796483584721759e-02,1.443749037859023865e+00,1.377771925039158685e+00,-5.161706495184876786e-01,8.716598919925393485e-01,-1.456711464181140447e-01,1.655935760924377220e+00
1.040480030574857606e+00,4.019214001416124837e-01,-1.250753962079801385e+00,3.124168714143139569e-01,1.204837937698877148e+00,1.201759195315339035e+00,1.961876167594868381e+00,1.595235664975742096e-01,-1.676768931903094506e+00,-5.914717073419724080e-01,-6.480474739078440072e-01,2.666518184774555600e-01,1.088982602579301018e+00,-5.300111750902363195e-01,-4.903924921502016837e-02,-9.849332918742136345e-01,4.891836221254813877e-01,-4.519471248362795790e-01,6.025823481860439479e-01,3.075754234263227138e-01
3.467738892346924895e-01,8.455194971440205265e-02,7.968237807700433439e-01,7.158297628405352331e-01,-2.092688902681147101e-01,-2.914215652287266978e-01,9.256242442665247872e-01,-9.784053536244742277e-01,-3.624640447753498668e-02,-5.028846060574291288e-01,3.980450717445954689e-01,6.649074719895529118e-01,1.481203630793341386e+00,2.617700262288356616e-01,8.904853918403249358e-01,1.511557732803518572e+00,1.565448481900084399e-01,1.960454671255365433e+00,1.019905511314088131e-01,1.038428443087046293e+00
8.089493195359858113e-01,4.502491474911787250e-01,6.877351211532624076e-01,9.768269048336137850e-01,-1.158885985836831223e+00,1.784881064145387608e+00,5.914761867200533096e-01,-1.654788006340169315e-01,4.294920926612706413e-01,6.833999892730663328e-01,-5.052862811033803636e-01,-7.930456758157434782e-01,1.746528897702074867e-01,-5.837058384157836066e-01,-5.262539234778463859e-01,7.138613820381063402e-01,4.112109304899600470e-01,7.147841603243179076e-01,3.106194185735443591e-01,3.487465733899004494e-01
5.103503323731528596e-01,2.155438587236577774e-01,1.545697761920263869e+00,8.108794360516410338e-01,3.414811108886092184e-01,1.414693596415772747e+00,1.791044958146440713e+00,-3.259316072711792023e-01,1.467969669918157916e+00,1.394672234841053626e+00,5.657253793446722634e-01,2.237572957832968390e-01,-3.879692553386402953e-01,-4.556470613005617065e-02,-4.758181064133468197e-01,6.537641836212474411e-01,4.457893837956959371e-01,9.011989407771620053e-01,3.343527948372841674e-02,3.379900322201086493e-01
2.297259584697905477e-01,-4.769261524560537008e-02,1.473048961698865122e+00,2.115880563001398151e+00,3.850930378931342046e-01,1.690409278978209917e+00,6.989108225865345858e-01,3.903260583430357422e-01,8.426265679314205448e-01,1.140685956731655182e+00,-1.597125012173297165e-01,-6.978612046653599466e-01,2.257359573098464134e-01,6.025202295132462416e-01,-5.540831070084011323e-01,1.197566606503469577e+00,5.487428736122800244e-01,1.313108590715385660e+00,-9.067266541908731992e-02,1.577961599786758540e-01
3.896496855933817560e-02,1.550197082077998667e+00,1.292712816414200550e+00,2.045169410506214591e-01,-8.305243008512991354e-01,-7.839208873989224058e-01,9.900469394287095826e-01,-1.163636256830536064e+00,-1.456379666580591772e-02,5.929610685987570795e-01,8.776319777992631632e-01,-3.552648577802668406e-01,1.167352891587690955e+00,8.743904603314901769e-02,7.305571389035931951e-01,8.061428621078619017e-01,-5.865671679818346140e-01,1.166287823194455786e+00,7.308369213077342552e-01,9.423987963122461009e-01
1.251588758561162251e+00,2.699723996159464345e-02,2.747151110050101153e-01,-1.957636052841175978e-01,1.167121660976331521e+00,1.319983333230876577e+00,1.860715463891914112e+00,-1.556548575868852979e-01,3.657995350501717646e-01,-3.815930451231838716e-01,1.268323338395218602e-01,8.159613353229636656e-01,1.050845385494941331e+00,3.276635528938826591e-01,8.318478774482392923e-01,-8.147964627726163311e-02,7.756883694235447990e-01,5.039373021999670188e-01,1.049544422706900626e-01,1.139734380116594892e+00
9.442851095173765419e-01,1.029945095107481778e+00,5.341954130340875739e-01,7.656413724492425743e-01,1.628331893551994147e-01,1.556233792398912241e-01,1.480376027131699468e+00,7.551223267807053441e-01,1.462080398375599888e+00,3.710803549963272996e-01,-5.016985296280180862e-01,-5.090561309578370830e-01,-3.982580462082704331e-01,-3.527163452900459739e-01,-2.986259700675407136e-01,8.668862882548168391e-01,5.163071717794689430e-01,1.716212521544838054e+00,-6.441183916295462053e-01,5.902583302519359698e-01
7.678925246613346189e-01,6.112056263449540117e-01,4.646647648349181980e-01,9.675042688693078485e-01,8.215068832939738386e-02,1.033257337736990689e+00,-4.408514595859728824e-01,3.779933575928844380e-01,1.054327804196281360e+00,-2.200251547583250145e-01,4.802157975861054418e-01,7.591870223240848592e-02,-3.305029440820040909e-01,5.846230784940995573e-01,1.900686810698875906e+00,8.646397776306713467e-01,4.685374564617655890e-01,1.082832627191718133e+00,5.504461045623225690e-01,7.589706144733502358e-01
6.691969926196836838e-01,4.686070616217918872e-01,-2.198300395869880741e-01,-4.689966044670850764e-01,1.347291318938969473e+00,1.493188109962126475e+00,1.387516639642545790e+00,2.351109681981340960e-01,-3.684395086123505303e-01,-8.512963073347935561e-01,1.766968121672614078e-01,-4.942985554885701190e-03,1.225562915105516959e+00,7.349286112422498407e-01,-5.850231144917582560e-01,-5.744609370680684446e-01,1.994411693496953575e-01,-4.354756107442363938e-02,7.263895490408074362e-01,1.398795006844812727e+00
-3.076013999724707682e-01,-1.444797301604785339e-02,-1.598918545561194282e-01,1.366654493135999404e+00,1.428294093627838768e-01,1.605328756837327564e+00,1.335121198696648248e+00,-4.935400689986482736e-01,1.826584402605960999e+00,1.332137651293506364e+00,3.760526682660613740e-01,5.186572860784397637e-02,6.909948716874627639e-01,-3.115554808483778637e-01,-1.449484917492850800e+00,8.557473071195407233e-01,-5.572496924218444531e-02,7.444423005775702151e-01,-2.372743262530970509e-01,-6.513538383580143309e-02
-7.008140958774766727e-01,-4.234693331348292622e-01,1.071472081812808952e+00,3.098111430935140964e-01,4.059447400025086305e-01,1.110275059446590884e+00,9.699570022400239022e-01,-1.248510874767798651e+00,2.816045451953778089e-01,1.058526156689350683e+00,-6.138923111476838473e-02,-7.121800505332784859e-01,-3.953388211863783502e-02,1.751683454576487275e-01,-1.349986596897761737e-01,1.253267143748034051e+00,4.394438193384738178e-01,7.092959840575072672e-01,-2.072432127334791828e-04,-2.156914701543067581e-01
-2.376263338307700035e-01,3.312493848611191005e-01,6.764943840400928776e-01,7.602225770864717846e-01,4.412177670620700543e-01,-1.905744290624544757e-01,1.160445985746776598e+00,-2.736074886346314128e-01,9.911453064579884842e-01,1.933566151530381028e+00,-4.612292433802538394e-01,-6.122697786790075591e-01,-9.672444323274447253e-01,7.895605919883841306e-01,-5.491967093554398494e-01,6.911500648235275879e-01,2.781974415206258100e-01,1.628932914073523808e+00,2.055813294319533066e-02,-2.688215831992595839e-01
1.036594199988837284e+00,1.182697502412908941e+00,-2.930145314660784206e-01,5.076147636016239417e-01,6.747365096725093103e-01,1.537380559852655093e+00,2.212282317574691959e+00,1.331147612470025554e-01,2.781286876304047695e-01,-2.914078659715378938e-01,-7.642238076516642831e-02,-8.502710597959122207e-01,1.341676271048240610e+00,-3.093813791072009059e-02,-8.149835130254473592e-02,-1.137539990912439292e+00,1.676929155827804774e+00,-1.885278986550661395e-01,1.021294054418153019e+00,5.329607186011026121e-01
3.503922564344787993e-01,8.842353968839149481e-01,1.760417396815365354e+00,-9.675963897624014765e-01,2.999060581299667350e-01,1.962272550128197901e-01,6.698675283992312490e-01,-3.424328361380888919e-01,-2.668352111717430808e-01,4.758127132997558295e-01,1.149773185844943146e+00,-4.051090731570320402e-01,8.904351761165464341e-01,-5.776733446799822147e-01,7.889631003546693222e-01,7.124971450275664475e-01,-8.507498684950370871e-01,7.257858494830808915e-01,-2.583386225282826021e-01,1.275876035368387340e+00
3.449753039850027569e-01,1.115875883492343679e+00,-1.475320426748598646e-01,-5.967622754532186935e-01,1.760604046873238682e-01,1.035623892704701454e+00,2.484610639680203681e-01,4.515060640167508077e-01,-1.258385724713032006e-01,8.490080357929149502e-01,1.363578388321319834e-01,1.667569633837008014e-01,1.425402294740523157e+00,-6.074758440691261363e-01,-7.575708682097674895e-01,-4.326736080611504609e-01,1.320059840834880927e+00,4.772279413786541524e-01,1.375292565781992771e+00,1.359412168435284896e+00
7.681922462926644712e-01,2.369704129815962401e-01,1.014919414949737142e+00,1.407733440806178959e-01,2.431466093872529377e-01,1.548496046538671900e+00,-1.662558494590779257e-01,5.481171106194565601e-01,1.063039743615965538e+00,2.543319650030768653e-01,6.273315625176756338e-01,1.099232191180542939e+00,-3.299725409706938395e-02,1.092143760530135621e+00,7.591355228330098903e-01,1.076679548042571266e+00,1.095976432572973058e+00,1.242203483396682628e+00,9.100997379389179631e-01,-5.272667202863891012e-01
-6.714512683285714933e-01,1.304472001609847887e+00,1.105256126763480617e+00,4.114214469503534310e-01,4.806255337171219666e-01,-2.643994426188172597e-01,6.173977538743701254e-01,-4.099523501273980575e-01,-5.883326477927254272e-01,4.479259835296329206e-01,1.448009511227434931e+00,3.184543476355308766e-02,1.392888587501552866e+00,2.607144106572144571e-01,8.229842173895112190e-01,1.192263227471668907e+00,3.711461589735888245e-01,1.026952274207462157e+00,-5.003022250446714780e-01,6.156654618798491629e-01
9.555774924053065389e-01,4.257533360752913110e-01,-5.784214597382111300e-01,-6.205722374229232230e-01,-5.985268391898915241e-02,1.382210288939615506e+00,3.294458702279033369e-01,4.630651018163064458e-01,5.132786217595100009e-01,-5.884114369996669147e-01,4.801389926116764739e-01,1.235591625204397692e+00,-5.511945732106601076e-02,1.887059194751646629e+00,5.278439618411385759e-01,1.758160854652204286e+00,1.624861862900193854e+00,1.115480863024853830e+00,1.044884520673944772e+00,-4.164674386942408546e-01
-8.543668352486276651e-01,8.953578332175700094e-01,1.178200843289939570e+00,-4.500752044736151536e-01,-8.954136744875781928e-02,5.156356685304704923e-01,1.363730512739377065e+00,-7.669405592907666547e-01,-2.468138076768608136e-01,-3.827664886241787245e-01,9.898162348574968128e-01,-2.274061167841879560e-01,1.305307836221536677e+00,-3.712884974806415772e-01,7.178111602225283328e-01,1.366609086274483298e+00,1.144009441885335127e-01,1.498805109420114468e+00,-7.543239234452938646e-01,1.397208147338780293e+00
5.491584527658559534e-01,-1.734725552870492737e-01,-1.905458922730452753e-01,6.198727211783728874e-01,4.202939678132144169e-02,9.570326843998196997e-01,2.167334658308347484e-01,1.317625144347268407e+00,1.269301636937246958e+00,-2.004602856395864274e-01,1.398094540491061188e+00,1.656726737325796339e+00,-7.613038805122217534e-01,1.750240479908944824e+00,1.168581443102337136e+00,5.743801339964353936e-01,8.359805518113581080e-01,7.358758900394307689e-01,1.210634244857019759e+00,-4.354974889804232030e-02
2.345470858472471221e-01,2.677272373190817678e-01,6.770302108801276031e-01,-4.187784428541524440e-01,-9.615543888104866044e-02,-1.536390556737034507e-01,3.974757880604935512e-01,9.981059578208099081e-01,-3.383905573696271429e-01,-6.476563937993462527e-01,-2.489610523425391797e-01,2.965576922937857574e-01,8.999967795112467916e-01,7.232402406877772583e-01,8.219579093940698744e-01,7.721915151496127061e-01,-5.159135163929671197e-01,9.951163745505123837e-01,-8.085955660677547965e-03,7.437979955564639756e-01
-1.070191121550139873e-01,3.163319154002265376e-01,9.100595827451569697e-01,3.707429400249242502e-01,-1.425526657997986009e-02,1.309618155610446033e+00,1.776614844354262868e-02,4.788028880602387960e-02,1.507524902771296471e+00,-5.996897060222527998e-02,1.031455484991856270e-01,2.338495520209887824e-01,-1.058373860567362712e+00,4.362396447564323432e-01,6.349255252854945075e-01,1.710011700638501164e+00,-1.801407966367761238e-01,8.740096825259593416e-01,-1.217838823325752828e-01,2.844856989197210306e-01
1.297996591785686993e-01,-2.854455729849533774e-01,1.534707018343043794e+00,1.044444754974203304e+00,-7.811638075998525999e-01,1.819468354731897275e+00,1.414809455096704083e+00,1.736391697070051587e-01,7.899488963980481060e-01,3.345327306442659188e-01,-5.126862816950457091e-01,-5.776844920818936108e-02,-1.775900748184934541e-01,6.860615884444011547e-02,3.403035663159177382e-01,1.077319965758959164e+00,3.077082501352789712e-01,1.011456406645866002e+00,-3.014900671089320028e-01,-1.578166284345826342e-01
9.242777615922441736e-01,1.674460810678142508e-01,2.827437604123962944e-01,-1.437886295656234936e-01,3.080043274699395539e-01,1.392645072085226365e+00,7.792144650703507203e-02,8.179853613304319815e-01,9.236460750674090336e-01,-8.275284931751926143e-01,8.097233078329448830e-01,-2.281170344222660518e-02,-2.620568089618471527e-02,8.938159619720331683e-01,1.137151290802294934e+00,7.173924162895941592e-01,1.626235172113113414e+00,1.016414125484238040e+00,1.154595637584109769e+00,2.592777691867388379e-01
2.278495396121983596e+00,1.420973229311895958e+00,5.682191279888276769e-02,-2.215029993548193465e-01,1.446851329292491828e+00,9.926862963996431199e-01,8.525813595883415807e-01,-7.963680716389364145e-01,3.936582869847801147e-01,-6.216289120957804171e-01,2.052700091968429341e-01,-1.488288702215343207e-01,4.778428116156248073e-01,-3.564141986893437086e-01,5.766823617127977419e-01,-2.872185472099531012e-01,1.310467246083122816e+00,5.612291545713917612e-02,9.575872394099268492e-01,7.609400403214849895e-01
-2.252624586796928563e-01,-1.001088852236574400e+00,-2.475557642821866189e-01,-2.479429348596573490e-02,-1.380404493461439563e-01,1.756869031375387191e+00,3.695617190217883596e-01,3.232226540100429091e-01,2.201997604709364786e-01,9.742341911781230435e-01,-2.443172765691825898e-01,5.009402885190444160e-02,-4.714212559854888962e-01,-4.799117831046110783e-01,5.188481420161928925e-01,9.797137076006074974e-01,2.786241972359497152e-02,1.026183382799265464e+00,6.104316001007314973e-01,-4.445620266046215047e-02
8.035272283424010897e-01,1.012604617633977355e+00,4.007404025856527441e-01,-3.212859225124408691e-01,-5.362400269121705421e-01,4.607705391376007986e-01,1.590983537310667995e+00,-4.189232616981983237e-01,-5.978287629673206122e-02,-2.158672317784088857e-01,-4.477329074602416914e-01,-8.261690619018724480e-02,1.468657573727624621e+00,-5.989044369483124131e-01,1.193286277915137639e-01,3.565532868626373197e-01,4.173423743722970425e-01,6.195820745523351186e-02,4.600093354860057548e-01,7.440147127036633723e-01
1.680417314620233249e+00,4.507729006461402843e-01,1.496199773428285029e-01,4.125790178569965772e-01,8.748884002964112394e-01,1.592188224314795342e+00,1.313704551782253482e-02,1.094512040183442725e+00,9.126713831007680078e-01,-3.753765894667547287e-01,9.141930652292693527e-01,1.563886208879347040e+00,1.118823171544276684e+00,8.148476459286891904e-01,1.009023130343312147e+00,1.009440193510704464e+00,8.349307106399391776e-01,6.658562645716235018e-01,6.497885874093972669e-01,-1.204881012729291045e+00
5.133686205133702884e-01,1.343565052789853498e-01,-6.780666854199333127e-01,6.014735201126463621e-02,1.378112899403550529e+00,1.420016481404843489e+00,1.634503296716184106e+00,5.895534761428950637e-02,2.400429568564247385e-01,-2.530507689090190637e-01,-4.362286344454032738e-01,4.702302452776583874e-01,7.093854832662614962e-01,5.971402277680085691e-01,5.366473929440324087e-01,-4.858201138774908001e-01,1.190800009499021428e+00,2.385102421764232206e-01,5.294846307827199006e-01,6.311873318654879217e-01
5.554406215940592695e-01,1.532442452587627901e-01,-7.520210436102110485e-01,-3.842664003346548673e-01,8.939130158386191516e-01,1.832596662958004385e+00,1.509282029291303839e+00,3.367945140731267162e-01,2.179537693259639142e-01,2.398516069295762998e-01,-2.642503884088066024e-01,3.226074409921875774e-01,2.122829416539256941e-01,3.119173919154905605e-01,-5.763874729317366441e-01,4.409105715434609163e-01,5.467704695536730330e-01,1.748261786575224519e-01,1.275260726160949432e+00,1.434545128058239971e+00
8.841736051778681382e-01,1.156092392061505825e+00,-3.557368836975091653e-01,-1.926014387628165604e-04,1.238110402821689604e+00,2.180193496780912454e+00,1.353446110091879540e+00,-6.446485697907621271e-01,-6.074055868543894177e-02,-3.877695914386836695e-01,2.971031557839562964e-01,-6.268365089414491553e-01,1.169644323619285498e+00,1.892480539408377890e-02,6.659185137218550654e-01,7.253805499978377425e-02,1.105198407812722161e+00,1.051218679115620280e-01,1.604846561856228426e+00,1.170428943296527580e+00
9.843479877362333319e-01,6.381669551520522399e-01,3.311136137700916304e-01,9.361273067833698613e-01,-5.317414437422611495e-02,9.122172759161387701e-01,1.345301126129491154e+00,6.612555981069022648e-01,4.930941464418201470e-01,1.016034409002073202e+00,-1.075799461238280852e+00,-7.421727446983023002e-01,1.775303149163142691e-01,6.172211015242632520e-02,6.642269118352187030e-02,1.022243427096150903e+00,5.802547201464881566e-01,1.318332089143774200e+00,-2.204433643614024385e-01,-2.982060705450050864e-01
2.025303809908230723e-01,1.095503649352522313e+00,1.331152394298048325e+00,-1.815098491250603241e-01,-7.853281592776782671e-02,5.245722533647400043e-01,3.141608601627667863e-01,-6.521672597755482359e-01,-3.551820112972575161e-01,7.938548021879764383e-01,1.069808270082484025e+00,-7.133165687625243612e-01,6.985872744098655662e-01,3.755061219641468023e-02,1.805894455249994479e+00,1.537131691072436412e+00,-7.683730515692323015e-01,1.566827176375720221e+00,-5.309093728833165216e-01,9.605003809847936225e-01
4.782376357943186607e-01,4.990858144774743543e-01,7.150510017813166419e-01,-2.900149791832946078e-01,1.143312259003857134e+00,6.790559394276025618e-01,2.004530156015238873e+00,7.801641420746714684e-02,-1.431124092016557992e-01,3.557869459105325594e-01,5.717089784083208004e-01,4.924984361620813322e-01,1.052580488088427080e+00,1.405179026497763717e+00,-7.124577186184251065e-01,4.856304659149779934e-01,1.041794789425135370e+00,4.548048404326719973e-01,1.856915708172086177e+00,1.043738680866620028e+00
4.714103188571506786e-01,7.566086596463110769e-01,1.559960607522160370e+00,3.786241657874335753e-01,-2.773564549999102957e-01,2.010499887352488590e-03,2.548454244164212845e+00,8.207796801337678971e-01,2.876166918245385284e-01,-5.515216120551693635e-01,1.319541766773579816e+00,8.481138088469809821e-02,4.589128183914841230e-01,-2.574174701360192330e-01,5.968708867339982405e-01,9.424312472705823618e-01,4.046146693383973481e-01,1.336305584773151089e+00,3.939591848028332066e-01,1.142776351428028025e+00
8.469303291228789110e-01,4.741745555538130485e-01,1.350065874670243860e+00,2.374317178234120362e+00,-7.416114267228383905e-02,1.380727931690221011e+00,2.231609393826372578e-02,3.364453687796583464e-02,6.560185251435395326e-01,1.266510699399431950e+00,-4.239984401926980701e-02,-2.928139129729359635e-01,5.592270312512611641e-01,-1.126906728781587874e-01,-9.117771548939354043e-01,4.002617123483734884e-01,-1.406044373507516543e+00,1.820388074745595830e-01,1.124403686351918286e-01,-2.561470574336082162e-01
1.115585080175638399e+00,3.241471905640608275e-01,-6.267037598410512000e-01,-2.081106374013048377e-01,7.386516262335084404e-01,1.263617833216437392e+00,9.108131017046460220e-01,3.190225794308009788e-01,-2.346776387732945612e-01,1.238295007595244523e-01,3.466920713996507475e-01,-1.194400986177475595e-02,2.038403155163828195e+00,-1.366903094242074290e-01,1.426762230307800028e+00,7.512809268047929145e-02,5.423341954253459996e-01,4.633929567491120727e-01,6.440432188649632961e-01,1.416380142843495227e+00
2.885408052432939519e-01,-4.615280188674585338e-01,1.597261648681278956e+00,8.815155600206748820e-01,-1.469713880271290019e-01,8.332248436480432785e-01,1.730546323571782397e+00,-9.982333090187713864e-01,5.501723005586680593e-01,1.164383470253390618e+00,-2.333204047713764717e-01,9.297103693667427837e-01,5.410510649842568132e-01,-1.048532556171351826e-01,-5.608632213103964537e-01,8.119063780902184835e-01,-3.519847634383696522e-01,5.214274926971476098e-01,4.388329161172939141e-01,-1.451662218050878417e-01
-4.010465671814418820e-01,-2.710681509998059679e-01,1.228821591640232302e+00,1.031718681246002856e+00,6.705937481241353026e-01,9.473344862606093431e-01,1.706755623162747870e-02,-4.169294751245645192e-01,8.112827047569473038e-01,1.128785238596606844e-01,6.131832033437033536e-01,-5.378159595172327806e-02,9.486623130238300838e-01,-2.729277046691617747e-01,7.395862636759829023e-01,3.965000781261525109e-01,-2.877622903756931194e-01,1.649878799978589550e+00,-1.664540584423588321e-01,1.224091011928222089e-01
-3.720131882947068647e-01,-1.282490366730856535e-01,9.214537869973431494e-01,3.617653937524806240e-01,-7.663561428721725466e-02,1.090775331484220345e+00,1.344974320057289674e+00,-2.475729845032609844e-01,7.168577804887908966e-01,1.141212744040172922e+00,6.873111728433666245e-01,1.135966353336694601e+00,-3.683972849244073200e-01,4.129370070528537440e-02,3.805461910534562175e-01,1.680923546327251161e+00,1.918101949130113226e-01,5.375762303400735131e-01,-6.595466771518920801e-01,1.890398848681734134e-01
-5.602451040633166235e-01,-5.802008007330057282e-01,8.390774328469612353e-01,5.739151463511307227e-01,-4.320272091784995716e-01,1.203274325299793279e+00,1.383255602197765333e+00,-6.412447124968909673e-01,1.722184202417619492e+00,8.516361336711479879e-01,-7.945886788157144331e-02,1.695598330827769451e-01,1.100828437137906235e+00,-4.177307824425944283e-01,-2.386302058887843081e-02,1.300922582629473023e+00,-6.153796060139149482e-02,9.596722292997061921e-01,-4.180908641984965590e-01,1.014793329578692060e-01
6.826567012812929658e-01,-4.556404931210911724e-01,-6.828699084224365556e-01,-3.100980037860828764e-01,-1.360113170283991257e+00,1.625213756396555187e+00,2.305086739764144188e-01,4.793212829213928661e-01,1.884609983959579793e+00,1.929308344782587892e-01,1.658084160402806928e+00,8.054004783686711244e-01,-2.277629592055132879e-01,2.898948195296119357e-01,1.914001874225482958e+00,1.447464790124002088e+00,6.095427932515379288e-01,8.296391168547403439e-01,1.272183077490663061e+00,-2.800433780307565179e-01
1.245031730026322503e+00,4.259518265417499561e-01,-4.006675508195648439e-01,-3.892819342294265295e-02,5.423650757249557364e-01,4.087979740928220362e-01,2.470260445346512679e-01,6.826651316578071782e-01,1.349517179742036888e+00,-3.938763859364653452e-01,1.924628958254555045e-01,7.059598754633891193e-01,2.435420227658051384e-01,6.356980392076601039e-01,8.864933086598739687e-01,9.625333538914351283e-01,1.668403866122474266e+00,6.468148715782261471e-01,2.142307582342611871e-01,4.607657909087368164e-01
6.049749754144971847e-01,8.425407093798991109e-01,1.197160515410703896e+00,1.852580450436087933e-02,9.662452739705926774e-01,1.246044354610062133e+00,-5.670382835521914355e-01,-1.976434420371957768e-01,-8.967474596064033132e-02,2.522636735288314447e-01,6.008678040774545481e-02,1.913089628092966843e-01,1.764969025798721614e+00,-2.772618123512581301e-01,-6.382216752985794828e-02,-6.302805741843854337e-01,9.111217149245520730e-01,3.978476960361544967e-01,8.409300503853898157e-01,1.199214060221998501e+00
1.157762010645365880e+00,8.505287834392892821e-01,4.616333530769310967e-01,-4.323052115643570281e-01,1.453161947895648343e+00,1.071832682666930880e+00,7.856079811848476480e-01,2.181674292294395745e-02,-5.798150629465222972e-01,-7.229085818229775973e-02,5.313486031372730567e-01,7.517408406302075186e-01,1.445238654545513590e+00,5.509236476312166092e-02,-1.404391825760155088e-01,2.354383893489572499e-01,9.386725940269732282e-01,9.048580614033642222e-01,8.942479828454517055e-01,9.475417910373021835e-01
1.316191223499095120e+00,1.524170492816520950e+00,2.022029547384418813e-01,7.265589356008551880e-03,9.393301539366984976e-01,7.346303108773892809e-01,7.271972270104690717e-01,1.360523049448459920e+00,-8.453147877375268848e-01,-9.757652908788001511e-01,3.218282817779568039e-01,-1.624789024129253689e-01,6.622027597911510632e-01,3.333848273561194619e-01,2.124960716115865261e-02,-4.509238003164092179e-01,7.257058244717138340e-01,-4.619516230913866539e-01,7.658544438874661520e-01,4.916160254034606103e-01
9.539026519534411497e-01,2.973986738554873499e-01,7.244770638084180314e-01,7.581473115209055313e-01,1.851642432610096645e-01,1.875654987413666097e+00,8.007535410984428781e-01,-5.949769040641886830e-01,1.728268511463219692e+00,1.500881519089215299e+00,-7.236713341637203423e-02,-5.088787489744820564e-02,-5.581392752419446213e-01,1.824306962958159306e-01,-5.586715288489575437e-01,3.391615667768964615e-01,-8.050490723217255118e-01,9.292725386738085458e-01,-5.175946224432950160e-01,-2.433646980140595495e-01
8.772460361224653225e-01,5.706562319679656659e-01,4.004555461426137497e-01,5.736743096490810601e-01,9.783910601153553710e-01,2.389274988776743935e-01,1.092583196482479924e+00,-3.081113169974347699e-01,-6.769380234941628771e-01,3.375456123447772017e-01,-1.336497343352941736e-01,8.373469622189413930e-02,1.471592031324268302e+00,-1.620070502188021289e-01,5.112541242243893169e-01,-1.533040183039752202e-01,1.743620992231153188e+00,2.156743684401566663e-01,1.246683661364281104e+00,5.141241034098080753e-01
-3.111108790690843562e-01,-1.970889482272806803e-01,8.819187686266541926e-01,1.044238200621358637e+00,2.317363703498150629e-01,3.507970919825514899e-01,1.149978201567641856e+00,4.054064134576586542e-01,1.469405062756819813e+00,4.680438499874609581e-01,-4.644715268210895531e-01,-5.966421670140454880e-01,-1.486259755191520204e-01,-2.919623525125886743e-01,-2.716890427717606471e-01,6.965541124424082797e-01,3.888295850289605893e-01,1.369263561920575523e+00,-3.790331177733605172e-02,-2.565127884167046624e-01
5.940515438791514891e-01,1.046540917908652668e+00,1.800676160447389318e+00,2.987348189512094021e-01,-3.943383134274356383e-01,-7.376245451415684717e-02,3.211861179242577746e-01,-4.061529374497062084e-01,-4.841079782162258094e-01,-3.093745982074275203e-01,8.311103504100681993e-01,-5.490930731334089376e-01,1.151995615735764700e+00,1.949719111304557828e-01,1.167353457975258468e+00,1.110475250238296852e+00,-3.864567093472321968e-01,1.585346100857191409e+00,-1.021164296286611733e-01,2.972589425436431565e-01
4.253648214734337962e-01,6.292898928233003897e-01,-1.569701088936908129e-01,-7.616014301185777824e-02,1.113309104508839464e+00,6.727509757151514114e-01,1.811383736754633045e+00,6.400247396207945361e-01,1.101338693107298955e-01,-1.077090853516001312e+00,3.641164338211502205e-01,7.103026906684337671e-01,7.922431398790279466e-01,-1.184990516868367899e-01,5.721037500017871480e-01,1.077677369784868777e-01,9.651976788287089937e-01,2.132455233234695768e-01,7.984251417206266188e-01,7.930166202478088344e-01
1.481679546388541047e+00,1.579562625772227946e+00,-1.454267358043025982e-01,3.735822725430269775e-02,2.786714046158172975e-01,1.598895118420527783e+00,1.859923457781184286e+00,5.799636515425579120e-01,6.501798189320139310e-01,-4.812991295564382765e-01,2.555215226570701770e-01,-4.274464329340627589e-01,4.339242828717078115e-01,1.891790515514635007e-01,-1.551749981149048163e-01,4.418540884710437933e-01,9.524350407982664635e-01,1.313960193438385438e-01,5.058483564636234719e-01,4.657580285438552847e-01
3.072791894590606865e-01,5.307036765200616735e-01,1.951843387455891143e+00,1.036581638043364340e+00,2.657286371330133123e-01,-4.256351624313435382e-03,8.673763146863057161e-01,-3.068279981390098499e-01,2.259129809327216631e-01,-4.339199257473688176e-01,1.548761347681658629e+00,4.103434793460654650e-01,2.308204995294160344e+00,2.974448564202839540e-01,1.257100647728715215e+00,8.662188550223590688e-01,-3.324610632160575063e-01,1.407974062179700114e+00,-6.006632854061121352e-01,1.321409271957226794e+00
1.590453775493847616e-02,1.095797804139114318e+00,1.223736798098747913e-01,-9.421894639649520675e-01,4.250453674897477054e-04,4.822013165231178733e-02,7.780697970329281121e-01,-5.628327401015518205e-01,3.480681596043528336e-01,1.089855019720826323e+00,2.621504156583142064e-01,5.902160204472975957e-01,1.444732152175770556e+00,-1.150207582440609250e-01,1.873186381254559940e+00,1.307313608451611930e+00,8.554381073246747347e-01,1.555841443239249111e+00,5.175540939496272586e-01,8.647437121039541763e-01
3.223167879634989408e-01,5.604808202810727114e-01,9.349184765961682242e-01,7.511570922768710801e-02,1.488847881658039496e+00,-5.486768068936157677e-02,4.120903635385506636e-01,2.745336081599940581e-01,5.631619299300230086e-01,4.910381502601193215e-01,1.192387304501052014e+00,-3.204742077281286239e-01,7.917354154511093700e-01,-2.854174131385349700e-01,1.365846749997866372e+00,8.437330900344983675e-01,-6.238711360219122426e-01,1.449904273833585444e+00,-5.480212581711870756e-01,9.103496490332033675e-01
8.563201919873935086e-01,9.020525957894033331e-01,4.429555482497095076e-01,-1.746772163253865473e-01,7.196807438090782050e-01,1.260460584446169374e+00,1.451786788393033989e+00,-5.265552407238809351e-01,2.619148570137797352e-02,1.367534321746666226e-01,-3.866359444728846295e-01,-2.593625100762135538e-02,1.109995728381663493e+00,-1.173778744544486524e-01,1.809690133471866802e-01,3.651355348593042227e-01,1.559704160926133731e+00,2.951668853293067940e-01,1.743760227680235531e-01,2.106076785784419592e+00
-5.758674781343963156e-01,5.047692259166978168e-01,1.012379440876517211e+00,3.368201516244791471e-01,5.860337714152481503e-01,2.384157845517640983e-01,5.069534389742329505e-01,3.235340345982331556e-01,-3.135389144627829250e-01,-6.993152237282179717e-01,8.279305139329062868e-01,1.144472640772606631e-01,1.728861871719672205e+00,4.208898977437466882e-02,9.420058919817766441e-01,5.575871003081687149e-01,6.028819585603516495e-01,1.391511733704589693e+00,7.235674186889415882e-01,1.654853181780465032e+00
-6.151108756549994450e-01,1.048197466018754742e+00,8.200242739921796975e-01,-3.412339113835973770e-01,-1.271845457779514910e-01,-9.251842179939474484e-03,6.369654487689949685e-01,1.018724801901629007e-01,5.052591708959783962e-02,-1.253879234874444026e-01,1.696965459755727768e+00,-7.967467613020214889e-01,6.372154254200430579e-01,-4.188317233033508197e-02,1.162898374447524308e+00,9.579251625269943338e-01,-4.251104308964293588e-01,8.209200919863829382e-01,4.323771763294788628e-01,7.030991063297449273e-01
5.906904437163149613e-01,6.507038065618599987e-01,1.027473844175872619e+00,-3.574302975958521533e-01,-1.313216395391316078e-02,1.887207493013490223e-01,2.953313620087419933e-01,6.007121507434354246e-01,-1.737698227932681638e-01,7.963417598544055009e-02,1.070729779651574232e+00,5.542337500069360878e-01,5.487891269961124863e-01,6.470772736682421922e-01,6.919438860014071047e-01,1.786247864737152691e-01,-2.936009624911656291e-01,1.890651144848179754e+00,6.947870841067845804e-01,1.445139126574695565e+00
9.445401810504339135e-01,1.513150128116994786e+00,-4.702474488365927102e-02,1.088239298217784784e-01,1.070589172918549270e+00,4.642039797681201119e-01,6.164087945759884057e-01,-4.194287821182002829e-01,-2.831446094093725274e-01,8.959821893520367913e-04,-8.330342099377337217e-02,-7.022584976968191395e-01,6.430458868404433925e-01,7.359716319346012448e-01,-7.269050542579260643e-01,-2.729581731221833452e-01,4.573214301702339668e-01,-9.669939130049525211e-01,1.528870291041941609e+00,1.228602237842297384e+00
1.191226843711095329e+00,-2.302673687149223714e-01,-3.852971855581353577e-01,5.386500942398753794e-02,-3.543126716190828085e-02,4.178555536956888306e-01,-1.057635572633598697e-01,7.262667365628342475e-01,1.145308612955460159e+00,-2.160141034571763374e-01,5.205319151533054356e-01,1.212365470242868337e+00,1.146604733947616528e-01,7.065139355900880158e-01,9.806176979961788165e-01,1.031028410913704674e+00,1.439008262960159712e+00,8.607303688020209176e-01,1.458821784614696249e+00,-9.062643168420222439e-01
9.972965258913127351e-02,7.873189992826745698e-01,8.793709233454656271e-01,-7.241460244928897838e-01,-1.276923019475109111e-01,-4.313448697959241240e-01,6.716298066371398923e-01,-8.453139185499012331e-01,-2.245172359737147294e-01,2.006144367264703354e-01,1.694107215983865267e+00,2.370393645234199487e-01,6.860997854469919055e-01,9.266687482321353531e-02,8.310861839948087137e-01,-7.377959243497422825e-02,1.092633966148094160e+00,9.310387830339305060e-01,-8.540903512818553978e-01,3.037260412741319415e-01
-3.523575096961642505e-01,1.288217441852071765e+00,1.195922338278875730e+00,2.102916109665733668e-01,8.818292209547841098e-01,3.061764444310578481e-01,1.392395035843582818e+00,-7.870311201730341155e-01,-1.007182348264808569e+00,3.941141640522449752e-01,2.078499092696147743e-01,2.937649713913789706e-02,1.118583497864482634e+00,-6.136023249532812640e-01,1.442855940675179083e+00,5.381873366678111559e-01,5.809488590705901290e-01,1.010007957959309977e+00,2.180095702824504933e-01,1.281612013278112805e-01
-1.974955334061001544e-02,-6.696016723910490631e-01,1.292209777102402979e-01,2.335614148543721513e-01,1.672524309058838476e-01,1.660207609279901853e+00,-9.200420633231821965e-02,9.804163661625829862e-01,6.271157436158762977e-01,-5.189234718734323515e-01,1.269777859847024848e+00,1.461649804303319700e+00,-7.186927632426142187e-01,9.477925034233556367e-01,1.649722774804439407e+00,1.198010293737410414e+00,7.528805757840857371e-01,1.640876090663405673e+00,3.887498646067164554e-01,1.079306637588865359e+00
1.271374371773339451e+00,-2.012992547671624555e-01,2.531045769400465106e-01,-5.891358083099897947e-01,-6.743122624922827102e-01,3.789730669506359284e-01,1.942321290692673730e-01,1.669040127095682058e+00,1.071321964545256744e+00,-8.982946815762550552e-02,1.722343354026867779e+00,1.370242513421186636e+00,8.585209995248952453e-01,1.406183899055375219e+00,4.023610892905696845e-01,5.513197591568120837e-01,1.164815481658006302e+00,1.230178125892046115e+00,6.864331811182644572e-01,1.371946469557081827e-01
1.137604406271627497e-02,8.596415446104410663e-02,7.013107576776367313e-02,4.800581870022428976e-01,5.318183311735101837e-01,-6.778776734406201376e-02,9.677127594322826321e-01,-2.180507771184241605e-01,-3.498773478386204006e-01,4.404055441260208981e-01,6.105278290692198739e-01,-2.221735259065122925e-01,1.339994685948280528e+00,-3.139934358064590536e-01,9.609349600163427096e-01,4.286721414624160564e-01,-1.244623194125704518e-01,9.732408408268174993e-01,1.781867703062529062e-01,1.070713120952371256e+00
-1.040961749315786472e-01,1.928635271011815089e+00,1.647030606049142865e+00,-7.571257421949161293e-01,9.586988994765553995e-01,-6.367352491358825306e-01,6.261437603552171272e-01,1.615203114427895825e-01,-3.004615875017412341e-01,-2.665840219268056921e-01,1.399820237253185606e+00,-1.495432943602181541e-01,1.149054712318100524e+00,5.250580526672091741e-01,1.335870179821836867e+00,1.583916137568591065e+00,1.410358551837392060e-01,9.837762093699622401e-01,4.232886341252133366e-01,1.200677553013384635e+00
8.004735642668161510e-01,5.213404155791914185e-01,-6.204173148363133911e-02,1.397914241595371310e-01,7.526069296162389843e-01,1.589181719718125052e+00,-4.161364171605616002e-01,4.003894453823706456e-01,1.507215341359672056e+00,5.592149926023608497e-01,2.122202310784976120e+00,1.319530117811690717e+00,2.314769876372786972e-01,5.289583168365654675e-01,6.183096522024716934e-01,-1.403949015545451484e-01,1.204485990437927256e+00,6.151349242288413066e-01,1.142183954225006071e+00,1.520148491891268605e-01
-1.033486507197313609e+00,2.826792292007801466e-01,1.038657879942228801e+00,1.399411327406343108e+00,2.286538715005826672e-01,1.235176095917051908e+00,6.343590861397556679e-01,-9.073415695182672769e-01,1.014948087741590843e+00,5.635830213623451712e-01,3.629238312611265393e-01,-1.402227934909285045e-01,2.746626298364644447e-01,-3.669689794528381288e-01,-4.197806774732560364e-01,2.108209339091456691e+00,-2.038639358535475343e-01,7.651033439604142394e-01,-6.628244894221508865e-01,9.105393016110401305e-01
5.544928063267076102e-01,-1.204355731535927156e-02,-4.225333772862523429e-01,2.200543136967429980e-01,7.565931196311450613e-01,1.720106155876539145e+00,-2.414373598004502033e-02,1.318388830768345565e-01,6.609479984787038909e-01,-7.039226580269778433e-01,-3.389642315961798325e-01,2.726957663022366862e-02,7.672677485209132842e-01,1.027484424208907177e+00,8.483494940722893229e-01,8.296129314796676368e-01,8.186365206368739766e-01,1.375393649575092248e+00,1.279485033744387934e+00,4.477570437936058689e-01
-2.074518275175811222e-01,1.439041137282053961e+00,1.220201018378259894e+00,-2.478385160602989967e-01,5.750819225537679991e-01,9.389150254380783378e-02,1.915785740496493972e-01,-2.068168317773322884e-01,1.495583972409479268e+00,6.537325440892973738e-01,3.878542743299521200e-01,1.050057341174533559e-01,1.672759868798673111e+00,-3.491113499958308219e-01,1.868349085048141012e-01,7.346704379362481996e-01,-1.408159490459654807e-02,2.943619270474236993e-01,-4.798135042577764131e-01,1.154086367989522133e+00
5.945893403676244526e-01,-3.335335576534863566e-01,1.976240099699492436e+00,1.303532856477755075e+00,-6.134247996594890256e-02,1.573825427147640177e+00,1.664511560652874866e+00,-1.967092280538174920e-01,5.910076168125593110e-01,2.529860032509682055e-01,-1.601386548333642856e-01,7.756870353053830769e-01,-2.145292130641927031e-01,1.617109473018099337e-03,1.193130166132636005e-01,8.419459577040988574e-01,4.259783741231656373e-01,8.631278872294523286e-01,2.408518290900121261e-01,5.186136069548498151e-01
